Year,Office,District,Candidate|Party,Votes,Pct
2024,U.S. President & Vice President,Hennepin County (all),Kamala D. Harris and Tim Walz|DFL,502710,69.8
2024,U.S. President & Vice President,Hennepin County (all),Donald J. Trump and JD Vance|R,197244,27.39
2024,U.S. President & Vice President,Hennepin County (all),Jill Stein and Samson Kpadenou|G,5522,0.77
2024,U.S. President & Vice President,Hennepin County (all),Robert F. Kennedy Jr. and Nicole Shanahan|WTP,4209,0.58
2024,U.S. President & Vice President,Hennepin County (all),Chase Oliver and Mike ter Maat|LIB,3585,0.5
2024,U.S. President & Vice President,Hennepin County (all),WRITE-IN|WI,3582,0.5
2024,U.S. President & Vice President,Hennepin County (all),Claudia De la Cruz and Karina Garcia|SLP,1370,0.19
2024,U.S. President & Vice President,Hennepin County (all),Cornel West and Melina Abdullah|JFA,1234,0.17
2024,U.S. President & Vice President,Hennepin County (all),Shiva Ayyadurai and Crystal Ellis|IND,574,0.08
2024,U.S. President & Vice President,Hennepin County (all),Rachele Fruit and Dennis Richter|SWP,143,0.02
2024,U.S. President & Vice President,Hennepin County Commission District 2,Kamala D. Harris and Tim Walz|DFL,71257,75.74
2024,U.S. President & Vice President,Hennepin County Commission District 2,Donald J. Trump and JD Vance|R,20108,21.37
2024,U.S. President & Vice President,Hennepin County Commission District 2,Jill Stein and Samson Kpadenou|G,733,0.78
2024,U.S. President & Vice President,Hennepin County Commission District 2,Robert F. Kennedy Jr. and Nicole Shanahan|WTP,518,0.55
2024,U.S. President & Vice President,Hennepin County Commission District 2,Chase Oliver and Mike ter Maat|LIB,460,0.49
2024,U.S. President & Vice President,Hennepin County Commission District 2,WRITE-IN|WI,427,0.45
2024,U.S. President & Vice President,Hennepin County Commission District 2,Cornel West and Melina Abdullah|JFA,243,0.26
2024,U.S. President & Vice President,Hennepin County Commission District 2,Claudia De la Cruz and Karina Garcia|SLP,231,0.25
2024,U.S. President & Vice President,Hennepin County Commission District 2,Shiva Ayyadurai and Crystal Ellis|IND,70,0.07
2024,U.S. President & Vice President,Hennepin County Commission District 2,Rachele Fruit and Dennis Richter|SWP,29,0.03
2024,U.S. President & Vice President,Hennepin County Commission District 3,Kamala D. Harris and Tim Walz|DFL,92727,83.97
2024,U.S. President & Vice President,Hennepin County Commission District 3,Donald J. Trump and JD Vance|R,14517,13.15
2024,U.S. President & Vice President,Hennepin County Commission District 3,Jill Stein and Samson Kpadenou|G,968,0.88
2024,U.S. President & Vice President,Hennepin County Commission District 3,Robert F. Kennedy Jr. and Nicole Shanahan|WTP,508,0.46
2024,U.S. President & Vice President,Hennepin County Commission District 3,WRITE-IN|WI,490,0.44
2024,U.S. President & Vice President,Hennepin County Commission District 3,Chase Oliver and Mike ter Maat|LIB,447,0.4
2024,U.S. President & Vice President,Hennepin County Commission District 3,Claudia De la Cruz and Karina Garcia|SLP,442,0.4
2024,U.S. President & Vice President,Hennepin County Commission District 3,Cornel West and Melina Abdullah|JFA,240,0.22
2024,U.S. President & Vice President,Hennepin County Commission District 3,Shiva Ayyadurai and Crystal Ellis|IND,66,0.06
2024,U.S. President & Vice President,Hennepin County Commission District 3,Rachele Fruit and Dennis Richter|SWP,27,0.02
2024,U.S. President & Vice President,Hennepin County Commission District 4,Kamala D. Harris and Tim Walz|DFL,72184,84.56
2024,U.S. President & Vice President,Hennepin County Commission District 4,Donald J. Trump and JD Vance|R,10225,11.98
2024,U.S. President & Vice President,Hennepin County Commission District 4,Jill Stein and Samson Kpadenou|G,1097,1.29
2024,U.S. President & Vice President,Hennepin County Commission District 4,Claudia De la Cruz and Karina Garcia|SLP,380,0.45
2024,U.S. President & Vice President,Hennepin County Commission District 4,Robert F. Kennedy Jr. and Nicole Shanahan|WTP,376,0.44
2024,U.S. President & Vice President,Hennepin County Commission District 4,WRITE-IN|WI,375,0.44
2024,U.S. President & Vice President,Hennepin County Commission District 4,Cornel West and Melina Abdullah|JFA,335,0.39
2024,U.S. President & Vice President,Hennepin County Commission District 4,Chase Oliver and Mike ter Maat|LIB,309,0.36
2024,U.S. President & Vice President,Hennepin County Commission District 4,Shiva Ayyadurai and Crystal Ellis|IND,47,0.06
2024,U.S. President & Vice President,Hennepin County Commission District 4,Rachele Fruit and Dennis Richter|SWP,33,0.04
2024,U.S. President & Vice President,Ramsey County Commission District 5,Kamala D. Harris and Tim Walz|DFL,33250,79.44
2024,U.S. President & Vice President,Ramsey County Commission District 5,Donald J. Trump and JD Vance|R,7437,17.77
2024,U.S. President & Vice President,Ramsey County Commission District 5,Jill Stein and Samson Kpadenou|G,354,0.85
2024,U.S. President & Vice President,Ramsey County Commission District 5,Robert F. Kennedy Jr. and Nicole Shanahan|WTP,218,0.52
2024,U.S. President & Vice President,Ramsey County Commission District 5,WRITE-IN|WI,198,0.47
2024,U.S. President & Vice President,Ramsey County Commission District 5,Chase Oliver and Mike ter Maat|LIB,192,0.46
2024,U.S. President & Vice President,Ramsey County Commission District 5,Claudia De la Cruz and Karina Garcia|SLP,98,0.23
2024,U.S. President & Vice President,Ramsey County Commission District 5,Cornel West and Melina Abdullah|JFA,70,0.17
2024,U.S. President & Vice President,Ramsey County Commission District 5,Shiva Ayyadurai and Crystal Ellis|IND,30,0.07
2024,U.S. President & Vice President,Ramsey County Commission District 5,Rachele Fruit and Dennis Richter|SWP,9,0.02
2024,U.S. President & Vice President,Ramsey County Commission District 6,Kamala D. Harris and Tim Walz|DFL,18084,66.67
2024,U.S. President & Vice President,Ramsey County Commission District 6,Donald J. Trump and JD Vance|R,8365,30.84
2024,U.S. President & Vice President,Ramsey County Commission District 6,Jill Stein and Samson Kpadenou|G,187,0.69
2024,U.S. President & Vice President,Ramsey County Commission District 6,Robert F. Kennedy Jr. and Nicole Shanahan|WTP,172,0.63
2024,U.S. President & Vice President,Ramsey County Commission District 6,Chase Oliver and Mike ter Maat|LIB,108,0.4
2024,U.S. President & Vice President,Ramsey County Commission District 6,WRITE-IN|WI,74,0.27
2024,U.S. President & Vice President,Ramsey County Commission District 6,Cornel West and Melina Abdullah|JFA,56,0.21
2024,U.S. President & Vice President,Ramsey County Commission District 6,Claudia De la Cruz and Karina Garcia|SLP,50,0.18
2024,U.S. President & Vice President,Ramsey County Commission District 6,Shiva Ayyadurai and Crystal Ellis|IND,23,0.08
2024,U.S. President & Vice President,Ramsey County Commission District 6,Rachele Fruit and Dennis Richter|SWP,7,0.03
2024,U.S. President & Vice President,State Senator District 46 (Hennepin),Kamala D. Harris and Tim Walz|DFL,37529,73.03
2024,U.S. President & Vice President,State Senator District 46 (Hennepin),Donald J. Trump and JD Vance|R,12530,24.38
2024,U.S. President & Vice President,State Senator District 46 (Hennepin),Jill Stein and Samson Kpadenou|G,317,0.62
2024,U.S. President & Vice President,State Senator District 46 (Hennepin),Robert F. Kennedy Jr. and Nicole Shanahan|WTP,305,0.59
2024,U.S. President & Vice President,State Senator District 46 (Hennepin),WRITE-IN|WI,272,0.53
2024,U.S. President & Vice President,State Senator District 46 (Hennepin),Chase Oliver and Mike ter Maat|LIB,262,0.51
2024,U.S. President & Vice President,State Senator District 46 (Hennepin),Cornel West and Melina Abdullah|JFA,64,0.12
2024,U.S. President & Vice President,State Senator District 46 (Hennepin),Claudia De la Cruz and Karina Garcia|SLP,52,0.1
2024,U.S. President & Vice President,State Senator District 46 (Hennepin),Shiva Ayyadurai and Crystal Ellis|IND,44,0.09
2024,U.S. President & Vice President,State Senator District 46 (Hennepin),Rachele Fruit and Dennis Richter|SWP,10,0.02
2024,U.S. President & Vice President,State House 43A (Hennepin),Kamala D. Harris and Tim Walz|DFL,15190,67.12
2024,U.S. President & Vice President,State House 43A (Hennepin),Donald J. Trump and JD Vance|R,6814,30.11
2024,U.S. President & Vice President,State House 43A (Hennepin),Robert F. Kennedy Jr. and Nicole Shanahan|WTP,185,0.82
2024,U.S. President & Vice President,State House 43A (Hennepin),Jill Stein and Samson Kpadenou|G,129,0.57
2024,U.S. President & Vice President,State House 43A (Hennepin),Chase Oliver and Mike ter Maat|LIB,123,0.54
2024,U.S. President & Vice President,State House 43A (Hennepin),WRITE-IN|WI,94,0.42
2024,U.S. President & Vice President,State House 43A (Hennepin),Cornel West and Melina Abdullah|JFA,35,0.15
2024,U.S. President & Vice President,State House 43A (Hennepin),Claudia De la Cruz and Karina Garcia|SLP,32,0.14
2024,U.S. President & Vice President,State House 43A (Hennepin),Shiva Ayyadurai and Crystal Ellis|IND,25,0.11
2024,U.S. President & Vice President,State House 43A (Hennepin),Rachele Fruit and Dennis Richter|SWP,5,0.02
2024,U.S. President & Vice President,State House 43B (Hennepin),Kamala D. Harris and Tim Walz|DFL,19785,74.78
2024,U.S. President & Vice President,State House 43B (Hennepin),Donald J. Trump and JD Vance|R,6044,22.84
2024,U.S. President & Vice President,State House 43B (Hennepin),Robert F. Kennedy Jr. and Nicole Shanahan|WTP,160,0.6
2024,U.S. President & Vice President,State House 43B (Hennepin),Chase Oliver and Mike ter Maat|LIB,145,0.55
2024,U.S. President & Vice President,State House 43B (Hennepin),Jill Stein and Samson Kpadenou|G,118,0.45
2024,U.S. President & Vice President,State House 43B (Hennepin),WRITE-IN|WI,110,0.42
2024,U.S. President & Vice President,State House 43B (Hennepin),Claudia De la Cruz and Karina Garcia|SLP,46,0.17
2024,U.S. President & Vice President,State House 43B (Hennepin),Cornel West and Melina Abdullah|JFA,32,0.12
2024,U.S. President & Vice President,State House 43B (Hennepin),Shiva Ayyadurai and Crystal Ellis|IND,14,0.05
2024,U.S. President & Vice President,State House 43B (Hennepin),Rachele Fruit and Dennis Richter|SWP,4,0.02
2022,Governor & Lt Governor,Hennepin County (all),Tim Walz and Peggy Flanagan|DFL,405013,70.37
2022,Governor & Lt Governor,Hennepin County (all),Scott Jensen and Matt Birk|R,154393,26.83
2022,Governor & Lt Governor,Hennepin County (all),James McCaskel and David Sandbeck|LMN,5939,1.03
2022,Governor & Lt Governor,Hennepin County (all),Steve Patterson and Matt Huff|GLC,4150,0.72
2022,Governor & Lt Governor,Hennepin County (all),Hugh McTavish and Mike Winter|IA,3326,0.58
2022,Governor & Lt Governor,Hennepin County (all),Gabrielle M. Prosser and Kevin A. Dwire|SWP,2412,0.42
2022,Governor & Lt Governor,Hennepin County (all),WRITE-IN|WI,296,0.05
2022,Attorney General,Hennepin County (all),Keith Ellison|DFL,388811,68.09
2022,Attorney General,Hennepin County (all),Jim Schultz|R,181512,31.79
2022,Attorney General,Hennepin County (all),WRITE-IN|WI,683,0.12
2022,County Attorney,Hennepin County (all),Mary Moriarty|NP,254418,57.59
2022,County Attorney,Hennepin County (all),Martha Holton Dimick|NP,184739,41.82
2022,County Attorney,Hennepin County (all),WRITE-IN|WI,2589,0.59
2022,County Commissioner District 2,Hennepin County (all),Irene Fernando|NP,44725,98.46
2022,County Commissioner District 2,Hennepin County (all),WRITE-IN|WI,699,1.54
2022,County Commissioner District 3,Hennepin County (all),Marion Greene|NP,43175,69.7
2022,County Commissioner District 3,Hennepin County (all),Ashley Boldin|NP,18338,29.6
2022,County Commissioner District 3,Hennepin County (all),WRITE-IN|WI,433,0.7
2022,County Commissioner District 4,Hennepin County (all),Angela Conley|NP,42287,98.54
2022,County Commissioner District 4,Hennepin County (all),WRITE-IN|WI,626,1.46
2022,State Senator District 46,Hennepin County (all),Ron Latz|DFL,31027,97.26
2022,State Senator District 46,Hennepin County (all),WRITE-IN|WI,874,2.74
2022,State Representative District 43A,Hennepin County (all),Cedrick R. Frazier|DFL,12266,96.64
2022,State Representative District 43A,Hennepin County (all),WRITE-IN|WI,427,3.36
2022,State Representative District 43B,Hennepin County (all),Mike Freiberg|DFL,17141,97.53
2022,State Representative District 43B,Hennepin County (all),WRITE-IN|WI,434,2.47
2022,Governor & Lt Governor,Hennepin County Commission District 2,Tim Walz and Peggy Flanagan|DFL,57375,76.17
2022,Governor & Lt Governor,Hennepin County Commission District 2,Scott Jensen and Matt Birk|R,15547,20.64
2022,Governor & Lt Governor,Hennepin County Commission District 2,James McCaskel and David Sandbeck|LMN,948,1.26
2022,Governor & Lt Governor,Hennepin County Commission District 2,Steve Patterson and Matt Huff|GLC,578,0.77
2022,Governor & Lt Governor,Hennepin County Commission District 2,Hugh McTavish and Mike Winter|IA,440,0.58
2022,Governor & Lt Governor,Hennepin County Commission District 2,Gabrielle M. Prosser and Kevin A. Dwire|SWP,404,0.54
2022,Governor & Lt Governor,Hennepin County Commission District 2,WRITE-IN|WI,36,0.05
2022,Attorney General,Hennepin County Commission District 2,Keith Ellison|DFL,56032,74.96
2022,Attorney General,Hennepin County Commission District 2,Jim Schultz|R,18595,24.88
2022,Attorney General,Hennepin County Commission District 2,WRITE-IN|WI,123,0.16
2022,County Attorney,Hennepin County Commission District 2,Mary Moriarty|NP,34535,59.17
2022,County Attorney,Hennepin County Commission District 2,Martha Holton Dimick|NP,23440,40.16
2022,County Attorney,Hennepin County Commission District 2,WRITE-IN|WI,389,0.67
2022,County Commissioner District 2,Hennepin County Commission District 2,Irene Fernando|NP,44725,98.46
2022,County Commissioner District 2,Hennepin County Commission District 2,WRITE-IN|WI,699,1.54
2022,State Representative District 43B,Hennepin County Commission District 2,Mike Freiberg|DFL,11182,97.74
2022,State Representative District 43B,Hennepin County Commission District 2,WRITE-IN|WI,258,2.26
2022,Governor & Lt Governor,Hennepin County Commission District 3,Tim Walz and Peggy Flanagan|DFL,76223,84.8
2022,Governor & Lt Governor,Hennepin County Commission District 3,Scott Jensen and Matt Birk|R,11192,12.45
2022,Governor & Lt Governor,Hennepin County Commission District 3,James McCaskel and David Sandbeck|LMN,835,0.93
2022,Governor & Lt Governor,Hennepin County Commission District 3,Steve Patterson and Matt Huff|GLC,587,0.65
2022,Governor & Lt Governor,Hennepin County Commission District 3,Gabrielle M. Prosser and Kevin A. Dwire|SWP,583,0.65
2022,Governor & Lt Governor,Hennepin County Commission District 3,Hugh McTavish and Mike Winter|IA,426,0.47
2022,Governor & Lt Governor,Hennepin County Commission District 3,WRITE-IN|WI,41,0.05
2022,Attorney General,Hennepin County Commission District 3,Keith Ellison|DFL,74579,83.54
2022,Attorney General,Hennepin County Commission District 3,Jim Schultz|R,14578,16.33
2022,Attorney General,Hennepin County Commission District 3,WRITE-IN|WI,121,0.14
2022,County Attorney,Hennepin County Commission District 3,Mary Moriarty|NP,42260,59.83
2022,County Attorney,Hennepin County Commission District 3,Martha Holton Dimick|NP,28044,39.71
2022,County Attorney,Hennepin County Commission District 3,WRITE-IN|WI,325,0.46
2022,County Commissioner District 3,Hennepin County Commission District 3,Marion Greene|NP,43175,69.7
2022,County Commissioner District 3,Hennepin County Commission District 3,Ashley Boldin|NP,18338,29.6
2022,County Commissioner District 3,Hennepin County Commission District 3,WRITE-IN|WI,433,0.7
2022,State Senator District 46,Hennepin County Commission District 3,Ron Latz|DFL,19600,97.76
2022,State Senator District 46,Hennepin County Commission District 3,WRITE-IN|WI,450,2.24
2022,Governor & Lt Governor,Hennepin County Commission District 4,Tim Walz and Peggy Flanagan|DFL,61204,86.76
2022,Governor & Lt Governor,Hennepin County Commission District 4,Scott Jensen and Matt Birk|R,6890,9.77
2022,Governor & Lt Governor,Hennepin County Commission District 4,James McCaskel and David Sandbeck|LMN,856,1.21
2022,Governor & Lt Governor,Hennepin County Commission District 4,Gabrielle M. Prosser and Kevin A. Dwire|SWP,631,0.89
2022,Governor & Lt Governor,Hennepin County Commission District 4,Steve Patterson and Matt Huff|GLC,578,0.82
2022,Governor & Lt Governor,Hennepin County Commission District 4,Hugh McTavish and Mike Winter|IA,346,0.49
2022,Governor & Lt Governor,Hennepin County Commission District 4,WRITE-IN|WI,40,0.06
2022,Attorney General,Hennepin County Commission District 4,Keith Ellison|DFL,61357,87.47
2022,Attorney General,Hennepin County Commission District 4,Jim Schultz|R,8692,12.39
2022,Attorney General,Hennepin County Commission District 4,WRITE-IN|WI,99,0.14
2022,County Attorney,Hennepin County Commission District 4,Mary Moriarty|NP,38619,68.76
2022,County Attorney,Hennepin County Commission District 4,Martha Holton Dimick|NP,17247,30.71
2022,County Attorney,Hennepin County Commission District 4,WRITE-IN|WI,299,0.53
2022,County Commissioner District 4,Hennepin County Commission District 4,Angela Conley|NP,42287,98.54
2022,County Commissioner District 4,Hennepin County Commission District 4,WRITE-IN|WI,626,1.46
2022,Governor & Lt Governor,Ramsey County Commission District 5,Tim Walz and Peggy Flanagan|DFL,26612,80.76
2022,Governor & Lt Governor,Ramsey County Commission District 5,Scott Jensen and Matt Birk|R,5257,15.95
2022,Governor & Lt Governor,Ramsey County Commission District 5,James McCaskel and David Sandbeck|LMN,385,1.17
2022,Governor & Lt Governor,Ramsey County Commission District 5,Steve Patterson and Matt Huff|GLC,324,0.98
2022,Governor & Lt Governor,Ramsey County Commission District 5,Gabrielle M. Prosser and Kevin A. Dwire|SWP,200,0.61
2022,Governor & Lt Governor,Ramsey County Commission District 5,Hugh McTavish and Mike Winter|IA,150,0.46
2022,Governor & Lt Governor,Ramsey County Commission District 5,WRITE-IN|WI,22,0.07
2022,Attorney General,Ramsey County Commission District 5,Keith Ellison|DFL,26023,79.95
2022,Attorney General,Ramsey County Commission District 5,Jim Schultz|R,6470,19.88
2022,Attorney General,Ramsey County Commission District 5,WRITE-IN|WI,57,0.18
2022,County Attorney,Ramsey County Commission District 5,John J. Choi|NP,20568,97.33
2022,County Attorney,Ramsey County Commission District 5,WRITE-IN|WI,565,2.67
2022,County Commissioner District 5,Ramsey County Commission District 5,Rafael E. Ortega|NP,18497,70.82
2022,County Commissioner District 5,Ramsey County Commission District 5,Bill Hosko|NP,7455,28.54
2022,County Commissioner District 5,Ramsey County Commission District 5,WRITE-IN|WI,168,0.64
2022,Governor & Lt Governor,Ramsey County Commission District 6,Tim Walz and Peggy Flanagan|DFL,12647,69.42
2022,Governor & Lt Governor,Ramsey County Commission District 6,Scott Jensen and Matt Birk|R,4452,24.44
2022,Governor & Lt Governor,Ramsey County Commission District 6,James McCaskel and David Sandbeck|LMN,445,2.44
2022,Governor & Lt Governor,Ramsey County Commission District 6,Steve Patterson and Matt Huff|GLC,397,2.18
2022,Governor & Lt Governor,Ramsey County Commission District 6,Hugh McTavish and Mike Winter|IA,145,0.8
2022,Governor & Lt Governor,Ramsey County Commission District 6,Gabrielle M. Prosser and Kevin A. Dwire|SWP,122,0.67
2022,Governor & Lt Governor,Ramsey County Commission District 6,WRITE-IN|WI,11,0.06
2022,Attorney General,Ramsey County Commission District 6,Keith Ellison|DFL,12553,70.32
2022,Attorney General,Ramsey County Commission District 6,Jim Schultz|R,5269,29.52
2022,Attorney General,Ramsey County Commission District 6,WRITE-IN|WI,29,0.16
2022,County Attorney,Ramsey County Commission District 6,John J. Choi|NP,11474,96.72
2022,County Attorney,Ramsey County Commission District 6,WRITE-IN|WI,389,3.28
2022,County Commissioner District 6,Ramsey County Commission District 6,Mai Chong Xiong|NP,7993,50.17
2022,County Commissioner District 6,Ramsey County Commission District 6,Ying Vang-Pao|NP,7780,48.83
2022,County Commissioner District 6,Ramsey County Commission District 6,WRITE-IN|WI,160,1.0
2022,Governor & Lt Governor,State Senator District 46 (Hennepin),Tim Walz and Peggy Flanagan|DFL,30302,73.66
2022,Governor & Lt Governor,State Senator District 46 (Hennepin),Scott Jensen and Matt Birk|R,9863,23.98
2022,Governor & Lt Governor,State Senator District 46 (Hennepin),James McCaskel and David Sandbeck|LMN,334,0.81
2022,Governor & Lt Governor,State Senator District 46 (Hennepin),Steve Patterson and Matt Huff|GLC,262,0.64
2022,Governor & Lt Governor,State Senator District 46 (Hennepin),Hugh McTavish and Mike Winter|IA,247,0.6
2022,Governor & Lt Governor,State Senator District 46 (Hennepin),Gabrielle M. Prosser and Kevin A. Dwire|SWP,111,0.27
2022,Governor & Lt Governor,State Senator District 46 (Hennepin),WRITE-IN|WI,18,0.04
2022,Attorney General,State Senator District 46 (Hennepin),Keith Ellison|DFL,28876,70.88
2022,Attorney General,State Senator District 46 (Hennepin),Jim Schultz|R,11814,29.0
2022,Attorney General,State Senator District 46 (Hennepin),WRITE-IN|WI,51,0.13
2022,County Attorney,State Senator District 46 (Hennepin),Mary Moriarty|NP,16494,55.49
2022,County Attorney,State Senator District 46 (Hennepin),Martha Holton Dimick|NP,13042,43.88
2022,County Attorney,State Senator District 46 (Hennepin),WRITE-IN|WI,186,0.63
2022,County Commissioner District 3,State Senator District 46 (Hennepin),Marion Greene|NP,9764,61.87
2022,County Commissioner District 3,State Senator District 46 (Hennepin),Ashley Boldin|NP,5905,37.42
2022,County Commissioner District 3,State Senator District 46 (Hennepin),WRITE-IN|WI,113,0.72
2022,State Senator District 46,State Senator District 46 (Hennepin),Ron Latz|DFL,31027,97.26
2022,State Senator District 46,State Senator District 46 (Hennepin),WRITE-IN|WI,874,2.74
2022,Governor & Lt Governor,State House 43A (Hennepin),Tim Walz and Peggy Flanagan|DFL,11570,67.69
2022,Governor & Lt Governor,State House 43A (Hennepin),Scott Jensen and Matt Birk|R,4955,28.99
2022,Governor & Lt Governor,State House 43A (Hennepin),James McCaskel and David Sandbeck|LMN,218,1.28
2022,Governor & Lt Governor,State House 43A (Hennepin),Steve Patterson and Matt Huff|GLC,165,0.97
2022,Governor & Lt Governor,State House 43A (Hennepin),Hugh McTavish and Mike Winter|IA,124,0.73
2022,Governor & Lt Governor,State House 43A (Hennepin),Gabrielle M. Prosser and Kevin A. Dwire|SWP,54,0.32
2022,Governor & Lt Governor,State House 43A (Hennepin),WRITE-IN|WI,6,0.04
2022,Attorney General,State House 43A (Hennepin),Keith Ellison|DFL,11107,65.64
2022,Attorney General,State House 43A (Hennepin),Jim Schultz|R,5789,34.21
2022,Attorney General,State House 43A (Hennepin),WRITE-IN|WI,26,0.15
2022,County Attorney,State House 43A (Hennepin),Mary Moriarty|NP,7542,58.8
2022,County Attorney,State House 43A (Hennepin),Martha Holton Dimick|NP,5184,40.41
2022,County Attorney,State House 43A (Hennepin),WRITE-IN|WI,101,0.79
2022,State Representative District 43A,State House 43A (Hennepin),Cedrick R. Frazier|DFL,12266,96.64
2022,State Representative District 43A,State House 43A (Hennepin),WRITE-IN|WI,427,3.36
2022,Governor & Lt Governor,State House 43B (Hennepin),Tim Walz and Peggy Flanagan|DFL,16314,75.14
2022,Governor & Lt Governor,State House 43B (Hennepin),Scott Jensen and Matt Birk|R,4849,22.33
2022,Governor & Lt Governor,State House 43B (Hennepin),James McCaskel and David Sandbeck|LMN,203,0.93
2022,Governor & Lt Governor,State House 43B (Hennepin),Steve Patterson and Matt Huff|GLC,143,0.66
2022,Governor & Lt Governor,State House 43B (Hennepin),Hugh McTavish and Mike Winter|IA,133,0.61
2022,Governor & Lt Governor,State House 43B (Hennepin),Gabrielle M. Prosser and Kevin A. Dwire|SWP,61,0.28
2022,Governor & Lt Governor,State House 43B (Hennepin),WRITE-IN|WI,9,0.04
2022,Attorney General,State House 43B (Hennepin),Keith Ellison|DFL,15673,72.81
2022,Attorney General,State House 43B (Hennepin),Jim Schultz|R,5831,27.09
2022,Attorney General,State House 43B (Hennepin),WRITE-IN|WI,22,0.1
2022,County Attorney,State House 43B (Hennepin),Mary Moriarty|NP,9340,55.54
2022,County Attorney,State House 43B (Hennepin),Martha Holton Dimick|NP,7375,43.85
2022,County Attorney,State House 43B (Hennepin),WRITE-IN|WI,103,0.61
2022,County Commissioner District 2,State House 43B (Hennepin),Irene Fernando|NP,8502,98.81
2022,County Commissioner District 2,State House 43B (Hennepin),WRITE-IN|WI,102,1.19
2022,State Representative District 43B,State House 43B (Hennepin),Mike Freiberg|DFL,17141,97.53
2022,State Representative District 43B,State House 43B (Hennepin),WRITE-IN|WI,434,2.47
2025,Mayor First Choice (Minneapolis),Hennepin County (all),Jacob Frey|N P,61817,41.7
2025,Mayor First Choice (Minneapolis),Hennepin County (all),Omar Fateh|N P,46862,31.61
2025,Mayor First Choice (Minneapolis),Hennepin County (all),DeWayne Davis|N P,20576,13.88
2025,Mayor First Choice (Minneapolis),Hennepin County (all),Jazz Hampton|N P,15434,10.41
2025,Mayor First Choice (Minneapolis),Hennepin County (all),Laverne Turner|N P,808,0.55
2025,Mayor First Choice (Minneapolis),Hennepin County (all),Brenda Short|N P,775,0.52
2025,Mayor First Choice (Minneapolis),Hennepin County (all),Charlie McCloud|N P,476,0.32
2025,Mayor First Choice (Minneapolis),Hennepin County (all),Andrea Revel|N P,382,0.26
2025,Mayor First Choice (Minneapolis),Hennepin County (all),Kevin Dwire|N P,300,0.2
2025,Mayor First Choice (Minneapolis),Hennepin County (all),Alejandro Richardson|N P,205,0.14
2025,Mayor First Choice (Minneapolis),Hennepin County (all),Kevin Ward|N P,171,0.12
2025,Mayor First Choice (Minneapolis),Hennepin County (all),Jeffrey Alan Wagner|N P,129,0.09
2025,Mayor First Choice (Minneapolis),Hennepin County (all),WRITE-IN|WI,113,0.08
2025,Mayor First Choice (Minneapolis),Hennepin County (all),Xavier Pauke|N P,94,0.06
2025,Mayor First Choice (Minneapolis),Hennepin County (all),Troy A. Peterson|N P,53,0.04
2025,Mayor First Choice (Minneapolis),Hennepin County (all),Adam Terzich|N P,53,0.04
2025,Mayor First Choice (Minneapolis),Hennepin County Commission District 2,Jacob Frey|N P,12856,41.99
2025,Mayor First Choice (Minneapolis),Hennepin County Commission District 2,Omar Fateh|N P,9509,31.06
2025,Mayor First Choice (Minneapolis),Hennepin County Commission District 2,DeWayne Davis|N P,4194,13.7
2025,Mayor First Choice (Minneapolis),Hennepin County Commission District 2,Jazz Hampton|N P,2914,9.52
2025,Mayor First Choice (Minneapolis),Hennepin County Commission District 2,Laverne Turner|N P,271,0.89
2025,Mayor First Choice (Minneapolis),Hennepin County Commission District 2,Brenda Short|N P,243,0.79
2025,Mayor First Choice (Minneapolis),Hennepin County Commission District 2,Charlie McCloud|N P,136,0.44
2025,Mayor First Choice (Minneapolis),Hennepin County Commission District 2,Andrea Revel|N P,120,0.39
2025,Mayor First Choice (Minneapolis),Hennepin County Commission District 2,Kevin Dwire|N P,104,0.34
2025,Mayor First Choice (Minneapolis),Hennepin County Commission District 2,Kevin Ward|N P,74,0.24
2025,Mayor First Choice (Minneapolis),Hennepin County Commission District 2,Alejandro Richardson|N P,64,0.21
2025,Mayor First Choice (Minneapolis),Hennepin County Commission District 2,WRITE-IN|WI,36,0.12
2025,Mayor First Choice (Minneapolis),Hennepin County Commission District 2,Jeffrey Alan Wagner|N P,35,0.11
2025,Mayor First Choice (Minneapolis),Hennepin County Commission District 2,Xavier Pauke|N P,25,0.08
2025,Mayor First Choice (Minneapolis),Hennepin County Commission District 2,Troy A. Peterson|N P,18,0.06
2025,Mayor First Choice (Minneapolis),Hennepin County Commission District 2,Adam Terzich|N P,15,0.05
2025,Mayor First Choice (Minneapolis),Hennepin County Commission District 3,Jacob Frey|N P,26650,48.06
2025,Mayor First Choice (Minneapolis),Hennepin County Commission District 3,Omar Fateh|N P,15157,27.33
2025,Mayor First Choice (Minneapolis),Hennepin County Commission District 3,DeWayne Davis|N P,6575,11.86
2025,Mayor First Choice (Minneapolis),Hennepin County Commission District 3,Jazz Hampton|N P,6069,10.94
2025,Mayor First Choice (Minneapolis),Hennepin County Commission District 3,Brenda Short|N P,217,0.39
2025,Mayor First Choice (Minneapolis),Hennepin County Commission District 3,Laverne Turner|N P,215,0.39
2025,Mayor First Choice (Minneapolis),Hennepin County Commission District 3,Charlie McCloud|N P,143,0.26
2025,Mayor First Choice (Minneapolis),Hennepin County Commission District 3,Andrea Revel|N P,125,0.23
2025,Mayor First Choice (Minneapolis),Hennepin County Commission District 3,Kevin Dwire|N P,99,0.18
2025,Mayor First Choice (Minneapolis),Hennepin County Commission District 3,Alejandro Richardson|N P,54,0.1
2025,Mayor First Choice (Minneapolis),Hennepin County Commission District 3,Kevin Ward|N P,42,0.08
2025,Mayor First Choice (Minneapolis),Hennepin County Commission District 3,WRITE-IN|WI,32,0.06
2025,Mayor First Choice (Minneapolis),Hennepin County Commission District 3,Jeffrey Alan Wagner|N P,30,0.05
2025,Mayor First Choice (Minneapolis),Hennepin County Commission District 3,Xavier Pauke|N P,17,0.03
2025,Mayor First Choice (Minneapolis),Hennepin County Commission District 3,Troy A. Peterson|N P,17,0.03
2025,Mayor First Choice (Minneapolis),Hennepin County Commission District 3,Adam Terzich|N P,14,0.03
2025,Mayor First Choice (Minneapolis),Hennepin County Commission District 4,Omar Fateh|N P,21742,36.85
2025,Mayor First Choice (Minneapolis),Hennepin County Commission District 4,Jacob Frey|N P,20496,34.74
2025,Mayor First Choice (Minneapolis),Hennepin County Commission District 4,DeWayne Davis|N P,9407,15.94
2025,Mayor First Choice (Minneapolis),Hennepin County Commission District 4,Jazz Hampton|N P,5997,10.16
2025,Mayor First Choice (Minneapolis),Hennepin County Commission District 4,Laverne Turner|N P,309,0.52
2025,Mayor First Choice (Minneapolis),Hennepin County Commission District 4,Brenda Short|N P,307,0.52
2025,Mayor First Choice (Minneapolis),Hennepin County Commission District 4,Charlie McCloud|N P,187,0.32
2025,Mayor First Choice (Minneapolis),Hennepin County Commission District 4,Andrea Revel|N P,126,0.21
2025,Mayor First Choice (Minneapolis),Hennepin County Commission District 4,Kevin Dwire|N P,96,0.16
2025,Mayor First Choice (Minneapolis),Hennepin County Commission District 4,Alejandro Richardson|N P,82,0.14
2025,Mayor First Choice (Minneapolis),Hennepin County Commission District 4,Jeffrey Alan Wagner|N P,64,0.11
2025,Mayor First Choice (Minneapolis),Hennepin County Commission District 4,Kevin Ward|N P,51,0.09
2025,Mayor First Choice (Minneapolis),Hennepin County Commission District 4,Xavier Pauke|N P,50,0.08
2025,Mayor First Choice (Minneapolis),Hennepin County Commission District 4,WRITE-IN|WI,42,0.07
2025,Mayor First Choice (Minneapolis),Hennepin County Commission District 4,Adam Terzich|N P,23,0.04
2025,Mayor First Choice (Minneapolis),Hennepin County Commission District 4,Troy A. Peterson|N P,18,0.03
