Ward,Candidate|Party,Votes,Pct,WardTotal
1,Jacob Frey|NP,5306,37.39,14190
1,Omar Fateh|NP,4836,34.08,14190
1,DeWayne Davis|NP,2210,15.57,14190
1,Jazz Hampton|NP,1423,10.03,14190
1,Laverne Turner|NP,91,0.64,14190
1,Brenda Short|NP,80,0.56,14190
1,Charlie McCloud|NP,69,0.49,14190
1,Kevin Dwire|NP,45,0.32,14190
1,Andrea Revel|NP,34,0.24,14190
1,Alejandro Richardson|NP,22,0.16,14190
1,Kevin Ward|NP,21,0.15,14190
1,Jeffrey Alan Wagner|NP,14,0.1,14190
1,WRITE-IN|WI,14,0.1,14190
1,Adam Terzich|NP,10,0.07,14190
1,Xavier Pauke|NP,9,0.06,14190
1,Troy A. Peterson|NP,6,0.04,14190
2,Omar Fateh|NP,3563,51.42,6929
2,Jacob Frey|NP,1895,27.35,6929
2,DeWayne Davis|NP,924,13.34,6929
2,Jazz Hampton|NP,414,5.97,6929
2,Brenda Short|NP,34,0.49,6929
2,Charlie McCloud|NP,21,0.3,6929
2,Laverne Turner|NP,16,0.23,6929
2,Andrea Revel|NP,12,0.17,6929
2,Kevin Dwire|NP,10,0.14,6929
2,Xavier Pauke|NP,9,0.13,6929
2,Jeffrey Alan Wagner|NP,7,0.1,6929
2,Kevin Ward|NP,7,0.1,6929
2,WRITE-IN|WI,7,0.1,6929
2,Alejandro Richardson|NP,6,0.09,6929
2,Troy A. Peterson|NP,3,0.04,6929
2,Adam Terzich|NP,1,0.01,6929
3,Jacob Frey|NP,6804,49.65,13703
3,Omar Fateh|NP,3851,28.1,13703
3,DeWayne Davis|NP,1515,11.06,13703
3,Jazz Hampton|NP,1303,9.51,13703
3,Laverne Turner|NP,56,0.41,13703
3,Brenda Short|NP,48,0.35,13703
3,Andrea Revel|NP,31,0.23,13703
3,Charlie McCloud|NP,25,0.18,13703
3,Kevin Dwire|NP,21,0.15,13703
3,Alejandro Richardson|NP,13,0.09,13703
3,Kevin Ward|NP,11,0.08,13703
3,WRITE-IN|WI,8,0.06,13703
3,Xavier Pauke|NP,6,0.04,13703
3,Troy A. Peterson|NP,6,0.04,13703
3,Jeffrey Alan Wagner|NP,4,0.03,13703
3,Adam Terzich|NP,1,0.01,13703
4,Jacob Frey|NP,3131,45.45,6889
4,Omar Fateh|NP,1878,27.26,6889
4,DeWayne Davis|NP,877,12.73,6889
4,Jazz Hampton|NP,609,8.84,6889
4,Laverne Turner|NP,122,1.77,6889
4,Brenda Short|NP,73,1.06,6889
4,Andrea Revel|NP,44,0.64,6889
4,Charlie McCloud|NP,40,0.58,6889
4,Kevin Dwire|NP,34,0.49,6889
4,Alejandro Richardson|NP,26,0.38,6889
4,Kevin Ward|NP,21,0.3,6889
4,Jeffrey Alan Wagner|NP,12,0.17,6889
4,Xavier Pauke|NP,9,0.13,6889
4,WRITE-IN|WI,8,0.12,6889
4,Troy A. Peterson|NP,4,0.06,6889
4,Adam Terzich|NP,1,0.01,6889
5,Jacob Frey|NP,2315,41.97,5516
5,Omar Fateh|NP,1916,34.74,5516
5,DeWayne Davis|NP,593,10.75,5516
5,Jazz Hampton|NP,423,7.67,5516
5,Brenda Short|NP,79,1.43,5516
5,Laverne Turner|NP,47,0.85,5516
5,Andrea Revel|NP,33,0.6,5516
5,Kevin Ward|NP,26,0.47,5516
5,Charlie McCloud|NP,20,0.36,5516
5,Kevin Dwire|NP,17,0.31,5516
5,Alejandro Richardson|NP,11,0.2,5516
5,WRITE-IN|WI,11,0.2,5516
5,Xavier Pauke|NP,10,0.18,5516
5,Jeffrey Alan Wagner|NP,7,0.13,5516
5,Troy A. Peterson|NP,5,0.09,5516
5,Adam Terzich|NP,3,0.05,5516
6,Omar Fateh|NP,4868,63.6,7654
6,Jacob Frey|NP,1805,23.58,7654
6,DeWayne Davis|NP,525,6.86,7654
6,Jazz Hampton|NP,272,3.55,7654
6,Brenda Short|NP,44,0.57,7654
6,Laverne Turner|NP,35,0.46,7654
6,Charlie McCloud|NP,25,0.33,7654
6,Andrea Revel|NP,20,0.26,7654
6,Kevin Dwire|NP,18,0.24,7654
6,Alejandro Richardson|NP,12,0.16,7654
6,Jeffrey Alan Wagner|NP,8,0.1,7654
6,Adam Terzich|NP,7,0.09,7654
6,Kevin Ward|NP,6,0.08,7654
6,Xavier Pauke|NP,4,0.05,7654
6,WRITE-IN|WI,4,0.05,7654
6,Troy A. Peterson|NP,1,0.01,7654
7,Jacob Frey|NP,7198,54.37,13239
7,Omar Fateh|NP,3317,25.05,13239
7,DeWayne Davis|NP,1405,10.61,13239
7,Jazz Hampton|NP,1095,8.27,13239
7,Brenda Short|NP,48,0.36,13239
7,Laverne Turner|NP,45,0.34,13239
7,Charlie McCloud|NP,37,0.28,13239
7,Kevin Dwire|NP,24,0.18,13239
7,Andrea Revel|NP,19,0.14,13239
7,Alejandro Richardson|NP,16,0.12,13239
7,Jeffrey Alan Wagner|NP,7,0.05,13239
7,Kevin Ward|NP,7,0.05,13239
7,Xavier Pauke|NP,6,0.05,13239
7,WRITE-IN|WI,6,0.05,13239
7,Adam Terzich|NP,5,0.04,13239
7,Troy A. Peterson|NP,4,0.03,13239
8,Omar Fateh|NP,4244,34.69,12235
8,Jacob Frey|NP,3977,32.51,12235
8,DeWayne Davis|NP,2097,17.14,12235
8,Jazz Hampton|NP,1682,13.75,12235
8,Brenda Short|NP,56,0.46,12235
8,Laverne Turner|NP,54,0.44,12235
8,Andrea Revel|NP,26,0.21,12235
8,Kevin Dwire|NP,24,0.2,12235
8,Charlie McCloud|NP,21,0.17,12235
8,Alejandro Richardson|NP,15,0.12,12235
8,Jeffrey Alan Wagner|NP,10,0.08,12235
8,Xavier Pauke|NP,9,0.07,12235
8,Kevin Ward|NP,7,0.06,12235
8,Troy A. Peterson|NP,5,0.04,12235
8,WRITE-IN|WI,5,0.04,12235
8,Adam Terzich|NP,3,0.02,12235
9,Omar Fateh|NP,3857,46.04,8378
9,Jacob Frey|NP,2099,25.05,8378
9,DeWayne Davis|NP,1505,17.96,8378
9,Jazz Hampton|NP,670,8.0,8378
9,Brenda Short|NP,71,0.85,8378
9,Laverne Turner|NP,54,0.64,8378
9,Charlie McCloud|NP,29,0.35,8378
9,Alejandro Richardson|NP,23,0.27,8378
9,Kevin Dwire|NP,19,0.23,8378
9,Kevin Ward|NP,14,0.17,8378
9,Jeffrey Alan Wagner|NP,11,0.13,8378
9,Andrea Revel|NP,9,0.11,8378
9,Xavier Pauke|NP,6,0.07,8378
9,WRITE-IN|WI,5,0.06,8378
9,Troy A. Peterson|NP,3,0.04,8378
9,Adam Terzich|NP,3,0.04,8378
10,Omar Fateh|NP,5744,50.65,11341
10,Jacob Frey|NP,2957,26.07,11341
10,DeWayne Davis|NP,1484,13.09,11341
10,Jazz Hampton|NP,921,8.12,11341
10,Brenda Short|NP,59,0.52,11341
10,Laverne Turner|NP,40,0.35,11341
10,Kevin Dwire|NP,35,0.31,11341
10,Andrea Revel|NP,32,0.28,11341
10,Charlie McCloud|NP,28,0.25,11341
10,WRITE-IN|WI,11,0.1,11341
10,Kevin Ward|NP,9,0.08,11341
10,Alejandro Richardson|NP,7,0.06,11341
10,Xavier Pauke|NP,4,0.04,11341
10,Troy A. Peterson|NP,4,0.04,11341
10,Jeffrey Alan Wagner|NP,3,0.03,11341
10,Adam Terzich|NP,3,0.03,11341
11,Jacob Frey|NP,7005,49.51,14150
11,Omar Fateh|NP,2577,18.21,14150
11,Jazz Hampton|NP,2243,15.85,14150
11,DeWayne Davis|NP,1963,13.87,14150
11,Laverne Turner|NP,102,0.72,14150
11,Brenda Short|NP,70,0.49,14150
11,Charlie McCloud|NP,56,0.4,14150
11,Andrea Revel|NP,42,0.3,14150
11,Jeffrey Alan Wagner|NP,23,0.16,14150
11,Alejandro Richardson|NP,19,0.13,14150
11,Kevin Ward|NP,17,0.12,14150
11,Kevin Dwire|NP,15,0.11,14150
11,WRITE-IN|WI,7,0.05,14150
11,Xavier Pauke|NP,4,0.03,14150
11,Adam Terzich|NP,4,0.03,14150
11,Troy A. Peterson|NP,3,0.02,14150
12,Jacob Frey|NP,6874,40.18,17106
12,Omar Fateh|NP,4131,24.15,17106
12,DeWayne Davis|NP,3618,21.15,17106
12,Jazz Hampton|NP,2084,12.18,17106
12,Laverne Turner|NP,93,0.54,17106
12,Brenda Short|NP,76,0.44,17106
12,Charlie McCloud|NP,64,0.37,17106
12,Andrea Revel|NP,41,0.24,17106
12,Kevin Dwire|NP,24,0.14,17106
12,Alejandro Richardson|NP,21,0.12,17106
12,Jeffrey Alan Wagner|NP,17,0.1,17106
12,Kevin Ward|NP,17,0.1,17106
12,WRITE-IN|WI,16,0.09,17106
12,Xavier Pauke|NP,14,0.08,17106
12,Adam Terzich|NP,9,0.05,17106
12,Troy A. Peterson|NP,7,0.04,17106
13,Jacob Frey|NP,10451,61.77,16918
13,Jazz Hampton|NP,2295,13.57,16918
13,Omar Fateh|NP,2080,12.29,16918
13,DeWayne Davis|NP,1860,10.99,16918
13,Laverne Turner|NP,53,0.31,16918
13,Charlie McCloud|NP,41,0.24,16918
13,Andrea Revel|NP,39,0.23,16918
13,Brenda Short|NP,37,0.22,16918
13,Kevin Dwire|NP,14,0.08,16918
13,Alejandro Richardson|NP,14,0.08,16918
13,WRITE-IN|WI,11,0.07,16918
13,Kevin Ward|NP,8,0.05,16918
13,Jeffrey Alan Wagner|NP,6,0.04,16918
13,Xavier Pauke|NP,4,0.02,16918
13,Adam Terzich|NP,3,0.02,16918
13,Troy A. Peterson|NP,2,0.01,16918
